{"cameraMode":{"drawMode":0,"name":"Shaded","section":"Shading Mode"},"sceneLighting":true,"audioPlay":false,"sceneViewState":{"m_AlwaysRefresh":false,"showFog":true,"showSkybox":true,"showFlares":true,"showImageEffects":true,"showParticleSystems":true,"showVisualEffectGraphs":true,"m_FxEnabled":true},"in2DMode":false,"pivot":{"x":10.906660079956055,"y":-3.7880353927612306,"z":31.928112030029298},"rotation":{"x":0.24820038676261903,"y":0.30726659297943118,"z":-0.08335559070110321,"w":0.9149007201194763},"size":23.95302391052246,"orthographic":false}