{"cameraMode":{"drawMode":0,"name":"Shaded","section":"Shading Mode"},"sceneLighting":true,"audioPlay":false,"sceneViewState":{"m_AlwaysRefresh":false,"showFog":true,"showSkybox":true,"showFlares":true,"showImageEffects":true,"showParticleSystems":true,"showVisualEffectGraphs":true,"m_FxEnabled":true},"in2DMode":false,"pivot":{"x":10.33500862121582,"y":-10.103521347045899,"z":37.24663543701172},"rotation":{"x":0.6313410997390747,"y":0.04876072332262993,"z":-0.03982669860124588,"w":0.7729485630989075},"size":12.501553535461426,"orthographic":true}